fname,lname
Alexander,Kelley
Jacqueline,Goodwin
Darius,Fleming
Kerry,Solomon
Charity,Patel
Ivan,Floyd
Rosalyn,Burks
Hop,Wiley
Kareem,Price
Kamal,Ray
Constance,Simon
Catherine,Norton
Clayton,Taylor
Regina,Curry
Hamilton,Beasley
Amelia,Acosta
Mia,Hughes
Chancellor,Meyers
Basil,Small
Ocean,Rose
Galena,Cohen
Yasir,Wynn
Harlan,Lester
Wilma,Cochran
Vera,Lowery
Basil,Hansen
Tad,Moran
Demetria,Russo
Bethany,Whitehead
Kirby,Stein
Raya,Stewart
Raymond,Vinson
Ferris,Flowers
Neville,Hatfield
Larissa,Holland
Scarlet,Key
Stella,Winters
Kay,Mendez
Devin,Guthrie
Dustin,White
Brady,Alford
Rogan,James
Whitney,Head
Faith,Cook
Aretha,Cline
Rhoda,Hammond
Hanae,Byers
Nita,Lott
Catherine,Hewitt
Eric,Howard
Rashad,Weeks
Karen,Barlow
Bruce,Harmon
Holly,Gutierrez
Dale,Short
Destiny,Harmon
Odysseus,Sellers
Melyssa,Frank
Charles,Estes
Hedwig,Brennan
Medge,Rasmussen
Maite,Albert
Nayda,Puckett
Jerome,Zamora
Astra,Stewart
Zelda,Brock
Carl,Callahan
Taylor,Park
Keefe,Swanson
Jameson,Knowles
Gemma,Huber
Theodore,Payne
Aurelia,Alston
Merritt,Stuart
Petra,Gomez
Jin,Hess
Ciaran,Casey
Boris,Fox
Petra,Blankenship
Virginia,Silva
Alfonso,Stuart
Nayda,Bowman
Ciara,Burris
Colby,Carlson
Melyssa,Clarke
Dane,Hays
Brenna,Horn
Lawrence,Richards
Nomlanga,Fowler
Jasper,Livingston
Yvonne,Burks
Devin,Owen
Tanya,Ayala
Lysandra,Woods
Randall,Carson
Zane,Rush
Georgia,Williams
Tanner,Monroe
Nina,Barlow
Tana,Rich
